"","site_number_jupyter","water_depth","distance_to_shore","timezone","jurisdiction","year","site_number","watts","geometry"
"1",0,21.9846,5409.831,-8,"California","5yrave","omni-directional_wave_power_0",25873.41489,c(41.9165, -124.271)
"2",1,137.7567,16993.947,-8,"Federal","5yrave","omni-directional_wave_power_1",35518.18377,c(41.9162, -124.418)
"3",2,467.6843,27229.455,-8,"Federal","5yrave","omni-directional_wave_power_2",38446.86207,c(41.9193, -124.589)
"4",3,700.184,38976.855,-8,"Federal","5yrave","omni-directional_wave_power_3",40520.07362,c(41.9151, -124.76)
"5",4,909.8214,50498.59,-8,"Federal","5yrave","omni-directional_wave_power_4",42370.37113,c(41.9152, -124.915)
"6",5,3.3593,876.8422,-8,"California","5yrave","omni-directional_wave_power_5",7810.680887,c(41.6974, -124.154)
"7",6,25.113,2764.4822,-8,"California","5yrave","omni-directional_wave_power_6",21720.59058,c(41.7381, -124.266)
"8",7,120.4762,13607.421,-8,"Federal","5yrave","omni-directional_wave_power_7",36140.07036,c(41.7511, -124.416)
"9",8,565.5,26822.703,-8,"Federal","5yrave","omni-directional_wave_power_8",38561.53452,c(41.7532, -124.577)
"10",9,861.5272,41262.883,-8,"Federal","5yrave","omni-directional_wave_power_9",40709.57522,c(41.7414, -124.75)
"11",10,1003.8588,54888.23,-8,"Federal","5yrave","omni-directional_wave_power_10",42688.43879,c(41.7535, -124.916)
"12",11,26.3387,2620.3801,-8,"California","5yrave","omni-directional_wave_power_11",31509.88526,c(41.5698, -124.134)
"13",12,48.6343,11917.785,-8,"Federal","5yrave","omni-directional_wave_power_12",32842.2063,c(41.5826, -124.252)
"14",13,117.098,24010.6,-8,"Federal","5yrave","omni-directional_wave_power_13",36191.27745,c(41.5824, -124.415)
"15",14,747.4868,34572.414,-8,"Federal","5yrave","omni-directional_wave_power_14",38964.30579,c(41.5788, -124.589)
"16",15,893.9741,45635.625,-8,"Federal","5yrave","omni-directional_wave_power_15",40971.04107,c(41.5886, -124.75)
"17",16,1075.0443,59270.168,-8,"Federal","5yrave","omni-directional_wave_power_16",43120.62566,c(41.5737, -124.919)
"18",17,24.0016,4261.9644,-8,"California","5yrave","omni-directional_wave_power_17",27819.69039,c(41.4183, -124.117)
"19",18,71.6005,15569.152,-8,"Federal","5yrave","omni-directional_wave_power_18",34480.96038,c(41.4175, -124.253)
"20",19,116.2302,28874.195,-8,"Federal","5yrave","omni-directional_wave_power_19",36347.60939,c(41.4163, -124.413)
"21",20,1050.3694,43757.918,-8,"Federal","5yrave","omni-directional_wave_power_20",39249.73502,c(41.4213, -124.593)
"22",21,1060.5267,56002.52,-8,"Federal","5yrave","omni-directional_wave_power_21",41310.50628,c(41.4223, -124.75)
"23",22,949.8721,67250.72,-8,"Federal","5yrave","omni-directional_wave_power_22",43549.59591,c(41.4245, -124.923)
"24",23,22.9322,2832.5254,-8,"California","5yrave","omni-directional_wave_power_23",29001.66137,c(41.2595, -124.135)
"25",24,82.6624,11963.529,-8,"Federal","5yrave","omni-directional_wave_power_24",33057.80952,c(41.2504, -124.251)
"26",25,306.6239,24684.307,-8,"Federal","5yrave","omni-directional_wave_power_25",36692.9033,c(41.2531, -124.418)
"27",26,1092.2957,36819.73,-8,"Federal","5yrave","omni-directional_wave_power_26",39267.81247,c(41.2502, -124.579)
"28",27,1181.3209,50436.832,-8,"Federal","5yrave","omni-directional_wave_power_27",41618.45696,c(41.2516, -124.748)
"29",28,1457.0248,64000.51,-8,"Federal","5yrave","omni-directional_wave_power_28",43848.74048,c(41.2507, -124.914)
"30",29,0.1994,93.35619,-8,"California","5yrave","omni-directional_wave_power_29",4.008081163,c(41.0558, -124.145)
"31",30,69.8737,7143.969,-8,"Federal","5yrave","omni-directional_wave_power_30",33264.43063,c(41.0822, -124.253)
"32",31,437.743,20818.576,-8,"Federal","5yrave","omni-directional_wave_power_31",36833.63361,c(41.0809, -124.416)
"33",32,835.3074,34259.48,-8,"Federal","5yrave","omni-directional_wave_power_32",39397.86333,c(41.0759, -124.576)
"34",33,979.0492,49899.336,-8,"Federal","5yrave","omni-directional_wave_power_33",42125.86259,c(41.0866, -124.762)
"35",34,1931.9658,62328.54,-8,"Federal","5yrave","omni-directional_wave_power_34",44072.57174,c(41.0752, -124.91)
"36",35,3115.5,81957.71,-8,"Federal","5yrave","omni-directional_wave_power_35",45118.64583,c(41.7535, -125.242)
"37",36,3136.6997,92010.82,-8,"Federal","5yrave","omni-directional_wave_power_36",46189.81337,c(41.2584, -125.251)
"38",37,16.4169,1652.7938,-8,"California","5yrave","omni-directional_wave_power_37",25213.62321,c(40.9485, -124.15)
"39",38,61.9947,9003.191,-8,"Federal","5yrave","omni-directional_wave_power_38",33196.94739,c(40.9161, -124.253)
"40",39,230.7045,21648.566,-8,"Federal","5yrave","omni-directional_wave_power_39",36668.73906,c(40.9162, -124.416)
"41",40,568.7307,32459.424,-8,"Federal","5yrave","omni-directional_wave_power_40",39511.93062,c(40.9157, -124.575)
"42",41,847.3776,45598.387,-8,"Federal","5yrave","omni-directional_wave_power_41",42116.17266,c(40.9234, -124.744)
"43",42,2924.078,58207.645,-8,"Federal","5yrave","omni-directional_wave_power_42",44174.61242,c(40.9123, -124.909)
"44",43,3034.8518,72139.37,-8,"Federal","5yrave","omni-directional_wave_power_43",45648.49322,c(40.9238, -125.087)
"45",44,1.216,288.44968,-8,"California","5yrave","omni-directional_wave_power_44",1604.169281,c(40.736, -124.252)
"46",45,29.6973,3040.3955,-8,"California","5yrave","omni-directional_wave_power_45",31517.05136,c(40.766, -124.281)
"47",46,73.3829,13032.602,-8,"Federal","5yrave","omni-directional_wave_power_46",36205.60678,c(40.7487, -124.416)
"48",47,637.0037,25851.383,-8,"Federal","5yrave","omni-directional_wave_power_47",39836.93165,c(40.7534, -124.586)
"49",48,1225.7461,39508.496,-8,"Federal","5yrave","omni-directional_wave_power_48",42518.5779,c(40.7482, -124.763)
"50",49,2678.2874,51972.008,-8,"Federal","5yrave","omni-directional_wave_power_49",44346.63568,c(40.7517, -124.92)
"51",50,2716.5527,64041.47,-8,"Federal","5yrave","omni-directional_wave_power_50",45597.33093,c(40.7531, -125.075)
"52",51,15.0652,765.1283,-8,"California","5yrave","omni-directional_wave_power_51",35358.07924,c(40.6463, -124.322)
"53",52,42.4098,6556.813,-8,"Federal","5yrave","omni-directional_wave_power_52",33829.83855,c(40.5881, -124.427)
"54",53,154.8743,18514.086,-8,"Federal","5yrave","omni-directional_wave_power_53",40369.33761,c(40.5831, -124.585)
"55",54,1181.9579,30999.1,-8,"Federal","5yrave","omni-directional_wave_power_54",42411.84513,c(40.5762, -124.744)
"56",55,2642.489,46306.484,-8,"Federal","5yrave","omni-directional_wave_power_55",44442.02907,c(40.5901, -124.925)
"57",56,2670.8914,59831.125,-8,"Federal","5yrave","omni-directional_wave_power_56",45700.888,c(40.5873, -125.094)
"58",57,35.2198,3237.8413,-8,"California","5yrave","omni-directional_wave_power_57",37218.1665,c(40.4121, -124.439)
"59",58,168.9499,14688.055,-8,"Federal","5yrave","omni-directional_wave_power_58",40241.75272,c(40.4153, -124.586)
"60",59,1805.305,28179.08,-8,"Federal","5yrave","omni-directional_wave_power_59",42600.9653,c(40.4133, -124.746)
"61",60,2385.3184,43126.586,-8,"Federal","5yrave","omni-directional_wave_power_60",44497.75655,c(40.4169, -124.923)
"62",61,2419.194,56995.473,-8,"Federal","5yrave","omni-directional_wave_power_61",45664.23239,c(40.4244, -125.087)
"63",62,31.7175,1592.3036,-8,"California","5yrave","omni-directional_wave_power_62",26488.17834,c(40.1912, -124.3)
"64",63,88.5351,5133.6284,-8,"California","5yrave","omni-directional_wave_power_63",40292.64709,c(40.2473, -124.421)
"65",64,328.1485,18796.787,-8,"Federal","5yrave","omni-directional_wave_power_64",41083.29041,c(40.2487, -124.584)
"66",65,574.5285,33608.77,-8,"Federal","5yrave","omni-directional_wave_power_65",43026.72149,c(40.2577, -124.759)
"67",66,899.3773,47635.934,-8,"Federal","5yrave","omni-directional_wave_power_66",44716.06811,c(40.2416, -124.923)
"68",67,1142.8221,59677.38,-8,"Federal","5yrave","omni-directional_wave_power_67",45711.75451,c(40.2512, -125.074)
"69",68,33.9539,3522.918,-8,"California","5yrave","omni-directional_wave_power_68",25024.19719,c(40.0505, -124.121)
"70",69,150.162,7979.2734,-8,"Federal","5yrave","omni-directional_wave_power_69",32900.46132,c(40.0807, -124.255)
"71",70,661.7974,17286.021,-8,"Federal","5yrave","omni-directional_wave_power_70",39292.02823,c(40.0825, -124.418)
"72",71,853.074,27153.172,-8,"Federal","5yrave","omni-directional_wave_power_71",41643.98951,c(40.0839, -124.586)
"73",72,1042.5806,38569.883,-8,"Federal","5yrave","omni-directional_wave_power_72",43370.63501,c(40.0784, -124.749)
"74",73,1244.4318,51764.426,-8,"Federal","5yrave","omni-directional_wave_power_73",45011.42685,c(40.0742, -124.92)
"75",74,1397.3251,65415.695,-8,"Federal","5yrave","omni-directional_wave_power_74",46029.59477,c(40.0819, -125.095)
"76",75,2910.2698,91893.55,-8,"Federal","5yrave","omni-directional_wave_power_75",47033.1877,c(40.7551, -125.426)
"77",76,2088.3413,87170.195,-8,"Federal","5yrave","omni-directional_wave_power_76",46917.30718,c(40.2575, -125.414)
"78",77,42.9532,3145.237,-8,"California","5yrave","omni-directional_wave_power_77",21125.61173,c(39.8822, -123.957)
"79",78,58.633,9916.34,-8,"Federal","5yrave","omni-directional_wave_power_78",30904.43205,c(39.9145, -124.084)
"80",79,976.2606,19183.12,-8,"Federal","5yrave","omni-directional_wave_power_79",37127.5354,c(39.916, -124.25)
"81",80,1413.2336,30311.299,-8,"Federal","5yrave","omni-directional_wave_power_80",40081.65086,c(39.9202, -124.414)
"82",81,1191.2645,40474.35,-8,"Federal","5yrave","omni-directional_wave_power_81",42163.77886,c(39.916, -124.582)
"83",82,1260.9937,50293.312,-8,"Federal","5yrave","omni-directional_wave_power_82",43842.56312,c(39.9149, -124.749)
"84",83,21.8378,1310.247,-8,"California","5yrave","omni-directional_wave_power_83",21673.44281,c(39.6913, -123.815)
"85",84,125.0948,6983.3022,-8,"Federal","5yrave","omni-directional_wave_power_84",29948.78935,c(39.7476, -123.92)
"86",85,479.28,19768.38,-8,"Federal","5yrave","omni-directional_wave_power_85",35494.90634,c(39.7488, -124.085)
"87",86,1452.0574,32177.16,-8,"Federal","5yrave","omni-directional_wave_power_86",38510.85173,c(39.7468, -124.254)
"88",87,1989.1464,42834.49,-8,"Federal","5yrave","omni-directional_wave_power_87",40855.50434,c(39.7401, -124.414)
"89",88,1532.4254,53706.668,-8,"Federal","5yrave","omni-directional_wave_power_88",42855.62304,c(39.7508, -124.593)
"90",89,1535.2505,63213.03,-8,"Federal","5yrave","omni-directional_wave_power_89",44259.82134,c(39.7531, -124.743)
"91",90,61.6869,2365.6953,-8,"California","5yrave","omni-directional_wave_power_90",29395.85316,c(39.5795, -123.808)
"92",91,134.4561,11263.75,-8,"Federal","5yrave","omni-directional_wave_power_91",33344.88,c(39.5834, -123.918)
"93",92,871.6465,25531.293,-8,"Federal","5yrave","omni-directional_wave_power_92",36910.28121,c(39.5813, -124.085)
"94",93,1627.0327,39565.32,-8,"Federal","5yrave","omni-directional_wave_power_93",39409.96691,c(39.5765, -124.252)
"95",94,1639.9644,52221.004,-8,"Federal","5yrave","omni-directional_wave_power_94",41522.49305,c(39.5809, -124.412)
"96",95,1945.3552,65520.797,-8,"Federal","5yrave","omni-directional_wave_power_95",43395.35292,c(39.5848, -124.586)
"97",96,2567.5774,75698.22,-8,"Federal","5yrave","omni-directional_wave_power_96",44799.52062,c(39.5778, -124.743)
"98",97,7.0684,381.64938,-8,"California","5yrave","omni-directional_wave_power_97",23980.40646,c(39.4322, -123.822)
"99",98,131.6026,8366.747,-8,"Federal","5yrave","omni-directional_wave_power_98",34937.93689,c(39.4176, -123.918)
"100",99,698.5942,22422.518,-8,"Federal","5yrave","omni-directional_wave_power_99",37854.42923,c(39.4161, -124.082)
"101",100,1211.717,36882.902,-8,"Federal","5yrave","omni-directional_wave_power_100",40172.99781,c(39.4168, -124.25)
"102",101,1731.3802,50711.86,-8,"Federal","5yrave","omni-directional_wave_power_101",42233.17865,c(39.4169, -124.411)
"103",102,2709.1836,64614.14,-8,"Federal","5yrave","omni-directional_wave_power_102",43906.02774,c(39.4178, -124.573)
"104",103,61.0455,2173.2415,-8,"California","5yrave","omni-directional_wave_power_103",33188.83062,c(39.2316, -123.805)
"105",104,140.9585,10384.405,-8,"Federal","5yrave","omni-directional_wave_power_104",36215.83609,c(39.2509, -123.918)
"106",105,663.2022,24600.557,-8,"Federal","5yrave","omni-directional_wave_power_105",38958.12393,c(39.2514, -124.087)
"107",106,1302.8131,37580.316,-8,"Federal","5yrave","omni-directional_wave_power_106",40899.75843,c(39.2479, -124.243)
"108",107,2247.612,52553.15,-8,"Federal","5yrave","omni-directional_wave_power_107",43088.42719,c(39.2434, -124.421)
"109",108,3179.6792,66311.59,-8,"Federal","5yrave","omni-directional_wave_power_108",44543.81286,c(39.2446, -124.584)
"110",109,79.2082,5577.5923,-8,"California","5yrave","omni-directional_wave_power_109",34745.69157,c(39.0762, -123.77)
"111",110,129.3187,16887.525,-8,"Federal","5yrave","omni-directional_wave_power_110",37334.96961,c(39.0825, -123.918)
"112",111,842.8334,30103.885,-8,"Federal","5yrave","omni-directional_wave_power_111",39934.97101,c(39.0772, -124.085)
"113",112,1737.3778,42926.67,-8,"Federal","5yrave","omni-directional_wave_power_112",41756.90185,c(39.0807, -124.246)
"114",113,3252.8352,57014.184,-8,"Federal","5yrave","omni-directional_wave_power_113",43659.80359,c(39.0776, -124.414)
"115",114,3377.6375,70942.93,-8,"Federal","5yrave","omni-directional_wave_power_114",44991.8683,c(39.0766, -124.582)
"116",115,2554.7737,83015.5,-8,"Federal","5yrave","omni-directional_wave_power_115",46434.19579,c(39.7567, -125.083)
"117",116,3064.285,94332.51,-8,"Federal","5yrave","omni-directional_wave_power_116",46504.56919,c(39.2485, -124.913)
"118",117,2.3223,6035.6973,-8,"California","5yrave","omni-directional_wave_power_117",2.170100837,c(38.0656, -122.383)
"119",118,10.8889,528.7688,-8,"California","5yrave","omni-directional_wave_power_118",23240.23398,c(38.8491, -123.656)
"120",119,71.3252,3395.6853,-8,"California","5yrave","omni-directional_wave_power_119",35433.99372,c(38.9123, -123.767)
"121",120,149.0653,15644.309,-8,"Federal","5yrave","omni-directional_wave_power_120",38542.54418,c(38.9182, -123.918)
"122",121,1455.4731,30004.312,-8,"Federal","5yrave","omni-directional_wave_power_121",40841.04569,c(38.9243, -124.088)
"123",122,2542.4153,43819.082,-8,"Federal","5yrave","omni-directional_wave_power_122",42551.17451,c(38.9085, -124.246)
"124",123,3385.439,59326.66,-8,"Federal","5yrave","omni-directional_wave_power_123",44323.8888,c(38.919, -124.427)
"125",124,68.24,2029.6168,-8,"California","5yrave","omni-directional_wave_power_124",22707.31484,c(38.6934, -123.472)
"126",125,88.1709,5763.922,-8,"California","5yrave","omni-directional_wave_power_125",30343.99406,c(38.7386, -123.595)
"127",126,132.8361,13907.094,-8,"Federal","5yrave","omni-directional_wave_power_126",36725.55948,c(38.7492, -123.752)
"128",127,1293.5299,25086.39,-8,"Federal","5yrave","omni-directional_wave_power_127",39952.01418,c(38.7471, -123.917)
"129",128,2376.0244,36916.266,-8,"Federal","5yrave","omni-directional_wave_power_128",41864.19429,c(38.75, -124.095)
"130",129,3132.1633,48720.945,-8,"Federal","5yrave","omni-directional_wave_power_129",43234.78634,c(38.749, -124.246)
"131",130,3421.782,62280.688,-8,"Federal","5yrave","omni-directional_wave_power_130",44694.21699,c(38.7533, -124.414)
"132",131,62.1931,1760.3339,-8,"California","5yrave","omni-directional_wave_power_131",25498.67167,c(38.5231, -123.298)
"133",132,92.868,5706.6357,-8,"Federal","5yrave","omni-directional_wave_power_132",28889.06222,c(38.5764, -123.426)
"134",133,143.5954,16560.734,-8,"Federal","5yrave","omni-directional_wave_power_133",34982.94098,c(38.585, -123.583)
"135",134,684.0842,26694.479,-8,"Federal","5yrave","omni-directional_wave_power_134",38911.20519,c(38.5825, -123.748)
"136",135,1955.3656,36492.918,-8,"Federal","5yrave","omni-directional_wave_power_135",41029.95077,c(38.5856, -123.914)
"137",136,2495.1016,47065.707,-8,"Federal","5yrave","omni-directional_wave_power_136",42598.54769,c(38.5925, -124.082)
"138",137,3203.0864,58539.492,-8,"Federal","5yrave","omni-directional_wave_power_137",43929.16032,c(38.5858, -124.251)
"139",138,3541.7695,70144.64,-8,"Federal","5yrave","omni-directional_wave_power_138",45091.18068,c(38.579, -124.409)
"140",139,45.153,2875.3284,-8,"California","5yrave","omni-directional_wave_power_139",21345.59067,c(38.3864, -123.128)
"141",140,89.9212,9633.582,-8,"Federal","5yrave","omni-directional_wave_power_140",28665.1392,c(38.4147, -123.253)
"142",141,127.4641,17390.959,-8,"Federal","5yrave","omni-directional_wave_power_141",33801.15666,c(38.4165, -123.417)
"143",142,241.542,27541.79,-8,"Federal","5yrave","omni-directional_wave_power_142",38010.41733,c(38.4126, -123.583)
"144",143,1367.2183,39708.508,-8,"Federal","5yrave","omni-directional_wave_power_143",40342.69225,c(38.412, -123.755)
"145",144,2177.1394,50596.47,-8,"Federal","5yrave","omni-directional_wave_power_144",42132.65824,c(38.4097, -123.915)
"146",145,3373.6855,60777.07,-8,"Federal","5yrave","omni-directional_wave_power_145",43470.20866,c(38.414, -124.091)
"147",146,0.1173,229.61432,-8,"California","5yrave","omni-directional_wave_power_146",20.0274442,c(38.1757, -122.957)
"148",147,76.0908,6254.8735,-8,"Federal","5yrave","omni-directional_wave_power_147",28466.17865,c(38.2459, -123.089)
"149",148,103.3976,17038.793,-8,"Federal","5yrave","omni-directional_wave_power_148",33192.1595,c(38.2507, -123.252)
"150",149,247.85,30966.666,-8,"Federal","5yrave","omni-directional_wave_power_149",36965.78951,c(38.2467, -123.42)
"151",150,579.5368,40296.387,-8,"Federal","5yrave","omni-directional_wave_power_150",39359.04741,c(38.2541, -123.58)
"152",151,1979.7684,49919.254,-8,"Federal","5yrave","omni-directional_wave_power_151",41228.47561,c(38.2583, -123.752)
"153",152,3386.1484,62090.375,-8,"Federal","5yrave","omni-directional_wave_power_152",42833.11457,c(38.2401, -123.913)
"154",153,3579.2583,72859.01,-8,"Federal","5yrave","omni-directional_wave_power_153",43828.79915,c(38.2518, -124.075)
"155",154,1.9509,269.9063,-8,"California","5yrave","omni-directional_wave_power_154",4027.519813,c(38.0774, -122.979)
"156",155,67.0549,9261.951,-8,"Federal","5yrave","omni-directional_wave_power_155",31980.56303,c(38.0827, -123.086)
"157",156,116.3984,22171.219,-8,"Federal","5yrave","omni-directional_wave_power_156",34922.2191,c(38.0814, -123.252)
"158",157,153.6522,35231.79,-8,"Federal","5yrave","omni-directional_wave_power_157",38536.52571,c(38.0823, -123.41)
"159",158,1304.8159,50383.09,-8,"Federal","5yrave","omni-directional_wave_power_158",40549.60605,c(38.075, -123.589)
"160",159,2946.6155,64387.887,-8,"Federal","5yrave","omni-directional_wave_power_159",42044.00666,c(38.0838, -123.752)
"161",160,3491.0366,74469.55,-8,"Federal","5yrave","omni-directional_wave_power_160",43369.52925,c(38.0789, -123.921)
"162",161,3671.4915,84750.5,-8,"Federal","5yrave","omni-directional_wave_power_161",44186.35106,c(38.0883, -124.091)
"163",162,20.0565,2091.1006,-8,"California","5yrave","omni-directional_wave_power_162",8265.318474,c(37.8582, -122.623)
"164",163,29.2378,3439.8572,-8,"California","5yrave","omni-directional_wave_power_163",17383.80156,c(37.8911, -122.763)
"165",164,57.2183,8949.349,-8,"Federal","5yrave","omni-directional_wave_power_164",25684.88562,c(37.9175, -122.917)
"166",165,84.5977,10136.101,-8,"Federal","5yrave","omni-directional_wave_power_165",33655.37542,c(37.9175, -123.086)
"167",166,99.117,21727.83,-8,"Federal","5yrave","omni-directional_wave_power_166",38607.32663,c(37.9151, -123.25)
"168",167,135.5533,34955.445,-8,"Federal","5yrave","omni-directional_wave_power_167",38540.31736,c(37.9215, -123.411)
"169",168,2100.9578,50182.02,-8,"Federal","5yrave","omni-directional_wave_power_168",41294.25343,c(37.906, -123.584)
"170",169,3189.6082,63920.92,-8,"Federal","5yrave","omni-directional_wave_power_169",42561.39303,c(37.9125, -123.744)
"171",170,11.1,6674.2183,-8,"Federal","5yrave","omni-directional_wave_power_170",22995.55095,c(37.7487, -122.586)
"172",171,41.9513,16378.712,-8,"Federal","5yrave","omni-directional_wave_power_171",26662.44311,c(37.7514, -122.752)
"173",172,56.8164,8962.998,-8,"Federal","5yrave","omni-directional_wave_power_172",33190.55391,c(37.75, -122.919)
"174",173,68.2213,8496.069,-8,"California","5yrave","omni-directional_wave_power_173",34465.1294,c(37.7517, -123.085)
"175",174,688.4016,21807.21,-8,"Federal","5yrave","omni-directional_wave_power_174",37572.93052,c(37.7506, -123.253)
"176",175,1753.5151,36347.73,-8,"Federal","5yrave","omni-directional_wave_power_175",40452.40568,c(37.7525, -123.421)
"177",176,2790.9094,50743.613,-8,"Federal","5yrave","omni-directional_wave_power_176",41730.30779,c(37.7581, -123.585)
"178",177,3339.7644,66176.72,-8,"Federal","5yrave","omni-directional_wave_power_177",42921.83926,c(37.7507, -123.762)
"179",178,33.7661,5916.4766,-8,"California","5yrave","omni-directional_wave_power_178",22634.22573,c(37.5847, -122.587)
"180",179,59.7184,20528.688,-8,"Federal","5yrave","omni-directional_wave_power_179",27189.83758,c(37.5832, -122.753)
"181",180,95.2778,14254.947,-8,"Federal","5yrave","omni-directional_wave_power_180",29408.13478,c(37.5851, -122.917)
"182",181,977.6127,13945.755,-8,"Federal","5yrave","omni-directional_wave_power_181",36941.35896,c(37.585, -123.085)
"183",182,1536.3289,24477.914,-8,"Federal","5yrave","omni-directional_wave_power_182",39347.56288,c(37.5854, -123.252)
"184",183,2256.5066,37365.84,-8,"Federal","5yrave","omni-directional_wave_power_183",40800.09056,c(37.5937, -123.416)
"185",184,3321.7073,51555.08,-8,"Federal","5yrave","omni-directional_wave_power_184",42004.60755,c(37.5814, -123.579)
"186",185,3448.4187,65972.24,-8,"Federal","5yrave","omni-directional_wave_power_185",42921.94767,c(37.5908, -123.749)
"187",186,28.2511,2923.419,-8,"California","5yrave","omni-directional_wave_power_186",20886.21138,c(37.4026, -122.463)
"188",187,62.3993,11442.2705,-8,"Federal","5yrave","omni-directional_wave_power_187",27721.04246,c(37.4171, -122.584)
"189",188,86.4592,23417.979,-8,"Federal","5yrave","omni-directional_wave_power_188",30130.50859,c(37.4188, -122.749)
"190",189,248.8403,31585.688,-8,"Federal","5yrave","omni-directional_wave_power_189",35493.72167,c(37.4184, -122.917)
"191",190,712.3089,31933.725,-8,"Federal","5yrave","omni-directional_wave_power_190",38242.55956,c(37.4136, -123.079)
"192",191,1180.2351,37078.043,-8,"Federal","5yrave","omni-directional_wave_power_191",39735.84794,c(37.4181, -123.244)
"193",192,35.2149,3002.3057,-8,"California","5yrave","omni-directional_wave_power_192",25288.909,c(37.2467, -122.453)
"194",193,91.2781,14629.974,-8,"Federal","5yrave","omni-directional_wave_power_193",30462.02,c(37.2528, -122.584)
"195",194,124.9635,29234.908,-8,"Federal","5yrave","omni-directional_wave_power_194",33341.06777,c(37.2512, -122.749)
"196",195,375.1425,43966.887,-8,"Federal","5yrave","omni-directional_wave_power_195",37209.74416,c(37.2548, -122.915)
"197",196,750.4271,50887.703,-8,"Federal","5yrave","omni-directional_wave_power_196",38737.08605,c(37.2413, -123.085)
"198",197,1725.9927,53250.996,-8,"Federal","5yrave","omni-directional_wave_power_197",40025.84999,c(37.2557, -123.25)
"199",198,3654.7224,89896.625,-8,"Federal","5yrave","omni-directional_wave_power_198",46143.29998,c(38.745, -124.744)
"200",199,3776.4053,94200.51,-8,"Federal","5yrave","omni-directional_wave_power_199",45435.2651,c(38.2503, -124.419)
"201",200,3620.251,94071.33,-8,"Federal","5yrave","omni-directional_wave_power_200",44177.97024,c(37.754, -124.079)
"202",201,3249.8704,65167.184,-8,"Federal","5yrave","omni-directional_wave_power_201",42225.68192,c(37.3348, -123.593)
"203",202,0.8396,219.40894,-8,"California","5yrave","omni-directional_wave_power_202",0.322142844,c(37.8152, -122.362)
"204",203,2,3722.9182,-8,"California","5yrave","omni-directional_wave_power_203",2.661479932,c(37.5854, -122.216)
"205",204,44.3619,3270.523,-8,"California","5yrave","omni-directional_wave_power_204",21269.53301,c(37.0448, -122.285)
"206",205,83.6556,7800.193,-8,"Federal","5yrave","omni-directional_wave_power_205",29157.06281,c(37.0803, -122.419)
"207",206,115.8421,19940.506,-8,"Federal","5yrave","omni-directional_wave_power_206",32246.79582,c(37.0855, -122.585)
"208",207,704.4449,33491.984,-8,"Federal","5yrave","omni-directional_wave_power_207",35898.96936,c(37.0835, -122.755)
"209",208,690.923,47046.52,-8,"Federal","5yrave","omni-directional_wave_power_208",37786.53289,c(37.0926, -122.919)
"210",209,1579.6608,62420.664,-8,"Federal","5yrave","omni-directional_wave_power_209",39267.33076,c(37.0856, -123.095)
"211",210,14,950.9149,-8,"California","5yrave","omni-directional_wave_power_210",8037.711283,c(36.8529, -121.824)
"212",211,32,6700.879,-8,"California","5yrave","omni-directional_wave_power_211",10263.04351,c(36.8945, -121.923)
"213",212,70,5856.2466,-8,"Federal","5yrave","omni-directional_wave_power_212",18407.18649,c(36.8973, -122.088)
"214",213,115.0341,10908.973,-8,"Federal","5yrave","omni-directional_wave_power_213",25325.547,c(36.915, -122.251)
"215",214,977.001,21057.719,-8,"Federal","5yrave","omni-directional_wave_power_214",30349.36498,c(36.9156, -122.417)
"216",215,1317.9711,30322.602,-8,"Federal","5yrave","omni-directional_wave_power_215",34434.93486,c(36.9208, -122.586)
"217",216,1967.34,42045.34,-8,"Federal","5yrave","omni-directional_wave_power_216",36803.90011,c(36.9127, -122.743)
"218",217,2137.9238,54708.805,-8,"Federal","5yrave","omni-directional_wave_power_217",38185.50433,c(36.923, -122.919)
"219",218,2911.099,68137.31,-8,"Federal","5yrave","omni-directional_wave_power_218",39447.43722,c(36.9102, -123.083)
"220",219,16,1372.1707,-8,"California","5yrave","omni-directional_wave_power_219",14125.68839,c(36.7633, -121.817)
"221",220,98,9887.157,-8,"California","5yrave","omni-directional_wave_power_220",18626.0392,c(36.7485, -121.917)
"222",221,1003.0936,17733.549,-8,"Federal","5yrave","omni-directional_wave_power_221",26649.86388,c(36.7499, -122.083)
"223",222,850.6895,26068.713,-8,"Federal","5yrave","omni-directional_wave_power_222",30392.51495,c(36.7509, -122.25)
"224",223,1956.3252,35392.13,-8,"Federal","5yrave","omni-directional_wave_power_223",33561.90201,c(36.7432, -122.425)
"225",224,2305.102,44344.5,-8,"Federal","5yrave","omni-directional_wave_power_224",35713.44486,c(36.7509, -122.586)
"226",225,2393.5588,54596.402,-8,"Federal","5yrave","omni-directional_wave_power_225",37201.4555,c(36.7432, -122.749)
"227",226,2979.2388,66071.445,-8,"Federal","5yrave","omni-directional_wave_power_226",38621.41511,c(36.7473, -122.928)
"228",227,3078.0706,78040.91,-8,"Federal","5yrave","omni-directional_wave_power_227",39541.184,c(36.7445, -123.088)
"229",228,16.5172,534.94116,-8,"California","5yrave","omni-directional_wave_power_228",16357.40465,c(36.6574, -121.831)
"230",229,6.616,271.8213,-8,"California","5yrave","omni-directional_wave_power_229",12392.44853,c(36.6116, -121.952)
"231",230,1179.3602,9740.894,-8,"Federal","5yrave","omni-directional_wave_power_230",29928.67264,c(36.5826, -122.086)
"232",231,2190.4194,24419.889,-8,"Federal","5yrave","omni-directional_wave_power_231",32382.27177,c(36.585, -122.25)
"233",232,2560.4314,39896.938,-8,"Federal","5yrave","omni-directional_wave_power_232",34604.25383,c(36.5809, -122.423)
"234",233,2644.8186,54756.152,-8,"Federal","5yrave","omni-directional_wave_power_233",36322.05395,c(36.5861, -122.589)
"235",234,2906,68291.9,-8,"Federal","5yrave","omni-directional_wave_power_234",37491.74275,c(36.5749, -122.746)
"236",235,105,3494.723,-8,"California","5yrave","omni-directional_wave_power_235",29451.47965,c(36.4099, -121.958)
"237",236,730.6335,14159.347,-8,"Federal","5yrave","omni-directional_wave_power_236",31435.3625,c(36.4173, -122.084)
"238",237,1282.89,28518.646,-8,"Federal","5yrave","omni-directional_wave_power_237",33478.26542,c(36.4139, -122.251)
"239",238,1894.0193,43872.96,-8,"Federal","5yrave","omni-directional_wave_power_238",35412.4328,c(36.4162, -122.428)
"240",239,2996,57284.12,-8,"Federal","5yrave","omni-directional_wave_power_239",36662.85074,c(36.4193, -122.586)
"241",240,2973.2085,70753.63,-8,"Federal","5yrave","omni-directional_wave_power_240",37690.48085,c(36.4183, -122.742)
"242",241,175.9639,2987.7842,-8,"California","5yrave","omni-directional_wave_power_241",16113.89175,c(36.1938, -121.781)
"243",242,134.2385,6746.1333,-8,"California","5yrave","omni-directional_wave_power_242",31830.1377,c(36.2429, -121.924)
"244",243,554.3449,17412.105,-8,"Federal","5yrave","omni-directional_wave_power_243",32632.0489,c(36.2483, -122.084)
"245",244,988,31045.076,-8,"Federal","5yrave","omni-directional_wave_power_244",34166.56706,c(36.2563, -122.244)
"246",245,1555.9298,46515.953,-8,"Federal","5yrave","omni-directional_wave_power_245",35832.00973,c(36.2557, -122.418)
"247",246,2933.4707,62354.758,-8,"Federal","5yrave","omni-directional_wave_power_246",37058.24115,c(36.2534, -122.595)
"248",247,3183.2773,76636.45,-8,"Federal","5yrave","omni-directional_wave_power_247",37940.17197,c(36.2581, -122.755)
"249",248,3047.727,93271.03,-8,"Federal","5yrave","omni-directional_wave_power_248",41268.39822,c(36.9178, -123.408)
"250",249,3218.3516,100594.69,-8,"Federal","5yrave","omni-directional_wave_power_249",39511.1619,c(36.4204, -123.083)
"251",250,370.6987,2739.4458,-8,"California","5yrave","omni-directional_wave_power_250",22307.0137,c(36.0501, -121.623)
"252",251,834.1058,10692.518,-8,"Federal","5yrave","omni-directional_wave_power_251",28049.75893,c(36.0839, -121.753)
"253",252,1153.0311,19371.314,-8,"Federal","5yrave","omni-directional_wave_power_252",32029.25125,c(36.0813, -121.919)
"254",253,1777.431,28586.416,-8,"Federal","5yrave","omni-directional_wave_power_253",33388.9815,c(36.0819, -122.08)
"255",254,1803.5286,39701.457,-8,"Federal","5yrave","omni-directional_wave_power_254",35037.60274,c(36.0841, -122.25)
"256",255,2407.0557,52094.492,-8,"Federal","5yrave","omni-directional_wave_power_255",36302.6862,c(36.0916, -122.419)
"257",256,35.144,720.71893,-8,"California","5yrave","omni-directional_wave_power_256",21663.22706,c(35.8841, -121.473)
"258",257,544.7415,9781.65,-8,"Federal","5yrave","omni-directional_wave_power_257",27434.24208,c(35.9176, -121.584)
"259",258,950.1296,20028.121,-8,"Federal","5yrave","omni-directional_wave_power_258",31559.19065,c(35.9156, -121.752)
"260",259,1220.0186,33207.395,-8,"Federal","5yrave","omni-directional_wave_power_259",32889.10847,c(35.91, -121.918)
"261",260,1738.3319,43172.08,-8,"Federal","5yrave","omni-directional_wave_power_260",34442.5586,c(35.9165, -122.091)
"262",261,2091.6616,52090.617,-8,"Federal","5yrave","omni-directional_wave_power_261",35738.70454,c(35.9235, -122.255)
"263",262,3054.102,63674.75,-8,"Federal","5yrave","omni-directional_wave_power_262",36845.3201,c(35.9143, -122.421)
"264",263,15.8143,518.91187,-8,"California","5yrave","omni-directional_wave_power_263",18148.7197,c(35.7062, -121.316)
"265",264,190.8834,8332.964,-8,"Federal","5yrave","omni-directional_wave_power_264",24972.91546,c(35.7468, -121.421)
"266",265,660.0756,18256.857,-8,"Federal","5yrave","omni-directional_wave_power_265",30697.3698,c(35.7488, -121.583)
"267",266,958.9826,29891.672,-8,"Federal","5yrave","omni-directional_wave_power_266",32356.00178,c(35.7477, -121.749)
"268",267,1132.0103,43638.746,-8,"Federal","5yrave","omni-directional_wave_power_267",33795.27001,c(35.7461, -121.917)
"269",268,1220.1312,55144.9,-8,"Federal","5yrave","omni-directional_wave_power_268",35276.88003,c(35.7501, -122.084)
"270",269,2450.1936,67089.836,-8,"Federal","5yrave","omni-directional_wave_power_269",36366.49185,c(35.7453, -122.252)
"271",270,3496.938,76145.1,-8,"Federal","5yrave","omni-directional_wave_power_270",37275.26057,c(35.7554, -122.425)
"272",271,3566.9087,88244.81,-8,"Federal","5yrave","omni-directional_wave_power_271",38216.34857,c(35.9092, -122.753)
"273",272,45,2275.3286,-8,"California","5yrave","omni-directional_wave_power_272",16005.43004,c(35.5468, -121.128)
"274",273,112,7986.735,-8,"Federal","5yrave","omni-directional_wave_power_273",23979.43477,c(35.5799, -121.255)
"275",274,546.4163,14906.565,-8,"Federal","5yrave","omni-directional_wave_power_274",30264.14627,c(35.5818, -121.42)
"276",275,787.561,27900.342,-8,"Federal","5yrave","omni-directional_wave_power_275",32076.11414,c(35.5842, -121.582)
"277",276,964.3946,42687.754,-8,"Federal","5yrave","omni-directional_wave_power_276",33359.42546,c(35.584, -121.762)
"278",277,987.7163,53193.816,-8,"Federal","5yrave","omni-directional_wave_power_277",34914.79905,c(35.5862, -121.924)
"279",278,65,5806.131,-8,"Federal","5yrave","omni-directional_wave_power_278",15594.9053,c(35.386, -120.933)
"280",279,238.6734,8916.361,-8,"Federal","5yrave","omni-directional_wave_power_279",25889.10275,c(35.4136, -121.085)
"281",280,423.5188,19858.95,-8,"Federal","5yrave","omni-directional_wave_power_280",29767.28324,c(35.417, -121.252)
"282",281,739,29703.492,-8,"Federal","5yrave","omni-directional_wave_power_281",31753.85517,c(35.4165, -121.416)
"283",282,1025.8364,37743.023,-8,"Federal","5yrave","omni-directional_wave_power_282",32832.4787,c(35.4184, -121.578)
"284",283,1213.973,49484.02,-8,"Federal","5yrave","omni-directional_wave_power_283",34362.03051,c(35.4255, -121.751)
"285",284,1743.3339,63580.582,-8,"Federal","5yrave","omni-directional_wave_power_284",35972.76454,c(35.4094, -121.918)
"286",285,1.9478,0,-8,"California","5yrave","omni-directional_wave_power_285",2941.971662,c(35.1766, -120.786)
"287",286,71.9399,3024.1084,-8,"California","5yrave","omni-directional_wave_power_286",25602.05064,c(35.2446, -120.932)
"288",287,408.1862,16922.303,-8,"Federal","5yrave","omni-directional_wave_power_287",29226.36187,c(35.2495, -121.086)
"289",288,582.186,31746.89,-8,"Federal","5yrave","omni-directional_wave_power_288",31210.90432,c(35.2515, -121.249)
"290",289,775.6507,43049.46,-8,"Federal","5yrave","omni-directional_wave_power_289",32572.62921,c(35.2513, -121.414)
"291",290,815.914,52273.938,-8,"Federal","5yrave","omni-directional_wave_power_290",33904.93732,c(35.2591, -121.585)
"292",291,1334.7373,61443.152,-8,"Federal","5yrave","omni-directional_wave_power_291",35467.46563,c(35.2577, -121.75)
"293",292,2007.6384,72784.63,-8,"Federal","5yrave","omni-directional_wave_power_292",36709.28446,c(35.2512, -121.913)
"294",293,23,1954.4713,-8,"California","5yrave","omni-directional_wave_power_293",11866.70085,c(35.0747, -120.651)
"295",294,59.5197,7976.8433,-8,"Federal","5yrave","omni-directional_wave_power_294",18514.41571,c(35.0831, -120.752)
"296",295,214.9909,14633.129,-8,"Federal","5yrave","omni-directional_wave_power_295",28354.0267,c(35.0814, -120.917)
"297",296,513.0927,24392.469,-8,"Federal","5yrave","omni-directional_wave_power_296",30809.57835,c(35.0831, -121.086)
"298",297,607.8666,36521.73,-8,"Federal","5yrave","omni-directional_wave_power_297",32201.47085,c(35.09, -121.251)
"299",298,482.1386,51084.23,-8,"Federal","5yrave","omni-directional_wave_power_298",33548.29132,c(35.0867, -121.424)
"300",299,995.2248,65311.78,-8,"Federal","5yrave","omni-directional_wave_power_299",35068.09778,c(35.0892, -121.589)
"301",300,1755.6157,77298.29,-8,"Federal","5yrave","omni-directional_wave_power_300",36443.56847,c(35.0772, -121.749)
"302",301,2686.213,86124.29,-8,"Federal","5yrave","omni-directional_wave_power_301",37411.15199,c(35.0811, -121.916)
"303",302,14,362.4705,-8,"California","5yrave","omni-directional_wave_power_302",11096.2484,c(34.8925, -120.647)
"304",303,75,7378.497,-8,"Federal","5yrave","omni-directional_wave_power_303",25991.98197,c(34.918, -120.751)
"305",304,267.5135,22584.68,-8,"Federal","5yrave","omni-directional_wave_power_304",30236.45789,c(34.9156, -120.919)
"306",305,554.0709,38458.945,-8,"Federal","5yrave","omni-directional_wave_power_305",31903.17601,c(34.9128, -121.093)
"307",306,575.3994,47822.09,-8,"Federal","5yrave","omni-directional_wave_power_306",33119.02408,c(34.9219, -121.256)
"308",307,463.6072,59800.805,-8,"Federal","5yrave","omni-directional_wave_power_307",34634.35581,c(34.9227, -121.423)
"309",308,23,1048.1583,-8,"California","5yrave","omni-directional_wave_power_308",19381.43584,c(34.7438, -120.642)
"310",309,80,10225.933,-8,"Federal","5yrave","omni-directional_wave_power_309",29096.13613,c(34.7497, -120.75)
"311",310,266.2637,25590.133,-8,"Federal","5yrave","omni-directional_wave_power_310",31426.9917,c(34.7503, -120.918)
"312",311,518.7088,40596.082,-8,"Federal","5yrave","omni-directional_wave_power_311",32719.90868,c(34.7555, -121.082)
"313",312,533.6125,55915.406,-8,"Federal","5yrave","omni-directional_wave_power_312",34129.05994,c(34.748, -121.254)
"314",313,620.9874,70073.37,-8,"Federal","5yrave","omni-directional_wave_power_313",35715.01392,c(34.7548, -121.417)
"315",314,-99,0,-8,"California","5yrave","omni-directional_wave_power_314",-9,c(34.5541, -120.614)
"316",315,97,9147.002,-8,"Federal","5yrave","omni-directional_wave_power_315",30224.36066,c(34.5844, -120.752)
"317",316,570.4697,24254.705,-8,"Federal","5yrave","omni-directional_wave_power_316",32588.80769,c(34.5832, -120.917)
"318",317,848.7031,39751.22,-8,"Federal","5yrave","omni-directional_wave_power_317",33905.92322,c(34.5751, -121.086)
"319",318,949.0698,54161.66,-8,"Federal","5yrave","omni-directional_wave_power_318",35193.22571,c(34.5848, -121.243)
"320",319,1290.1771,69581.61,-8,"Federal","5yrave","omni-directional_wave_power_319",36738.91002,c(34.5898, -121.411)
"321",320,3793.8464,94321.41,-8,"Federal","5yrave","omni-directional_wave_power_320",37722.45616,c(35.3293, -122.252)
"322",321,1419.7317,94817.9,-8,"Federal","5yrave","omni-directional_wave_power_321",37784.29237,c(34.758, -121.751)
"323",322,21,1980.6907,-8,"California","5yrave","omni-directional_wave_power_322",2390.723019,c(34.3528, -119.467)
"324",323,42,4588.5293,-8,"California","5yrave","omni-directional_wave_power_323",2224.901322,c(34.3723, -119.59)
"325",324,69,3425.6511,-8,"California","5yrave","omni-directional_wave_power_324",2568.156311,c(34.3712, -119.754)
"326",325,84.6028,4907.672,-8,"California","5yrave","omni-directional_wave_power_325",2966.833144,c(34.3816, -119.926)
"327",326,177.5045,6779.4355,-8,"Federal","5yrave","omni-directional_wave_power_326",3518.291548,c(34.3988, -120.085)
"328",327,248.5482,7311.6196,-8,"Federal","5yrave","omni-directional_wave_power_327",5019.466869,c(34.4012, -120.251)
"329",328,93.4564,5877.2075,-8,"Federal","5yrave","omni-directional_wave_power_328",14591.25487,c(34.3963, -120.418)
"330",329,188.9238,10842.245,-8,"Federal","5yrave","omni-directional_wave_power_329",26132.71584,c(34.4167, -120.584)
"331",330,580.1909,19127.482,-8,"Federal","5yrave","omni-directional_wave_power_330",32428.7277,c(34.4152, -120.753)
"332",331,867.0734,30003.465,-8,"Federal","5yrave","omni-directional_wave_power_331",33837.82721,c(34.4203, -120.92)
"333",332,1285.1511,42961.41,-8,"Federal","5yrave","omni-directional_wave_power_332",35018.44754,c(34.426, -121.084)
"334",333,1827.532,57071.098,-8,"Federal","5yrave","omni-directional_wave_power_333",36485.33056,c(34.4229, -121.246)
"335",334,2380.9897,72500.39,-8,"Federal","5yrave","omni-directional_wave_power_334",37745.36087,c(34.4189, -121.419)
"336",335,19,3070.0022,-8,"California","5yrave","omni-directional_wave_power_335",4938.301632,c(34.2168, -119.295)
"337",336,39,8248.809,-8,"Federal","5yrave","omni-directional_wave_power_336",4122.830777,c(34.2475, -119.419)
"338",337,98,16611.262,-8,"Federal","5yrave","omni-directional_wave_power_337",4297.376222,c(34.2488, -119.584)
"339",338,187.833,16250.205,-8,"Federal","5yrave","omni-directional_wave_power_338",6191.911392,c(34.2502, -119.75)
"340",339,527.9271,17647.193,-8,"Federal","5yrave","omni-directional_wave_power_339",7801.101728,c(34.2504, -119.916)
"341",340,584,23062.568,-8,"Federal","5yrave","omni-directional_wave_power_340",11597.79397,c(34.252, -120.085)
"342",341,488.4947,21924.945,-8,"Federal","5yrave","omni-directional_wave_power_341",17904.43597,c(34.2498, -120.252)
"343",342,444,19794.457,-8,"Federal","5yrave","omni-directional_wave_power_342",25807.6218,c(34.2511, -120.416)
"344",343,544,24100.86,-8,"Federal","5yrave","omni-directional_wave_power_343",31575.57598,c(34.2519, -120.585)
"345",344,725.7883,33837.08,-8,"Federal","5yrave","omni-directional_wave_power_344",33613.72538,c(34.2523, -120.754)
"346",345,903.9457,42300.04,-8,"Federal","5yrave","omni-directional_wave_power_345",34836.55664,c(34.2578, -120.92)
"347",346,1197.393,53281.293,-8,"Federal","5yrave","omni-directional_wave_power_346",36181.48174,c(34.25, -121.081)
"348",347,2278.7864,66007.18,-8,"Federal","5yrave","omni-directional_wave_power_347",37439.01632,c(34.2532, -121.256)
"349",348,1927.2483,78909.32,-8,"Federal","5yrave","omni-directional_wave_power_348",38196.94338,c(34.2458, -121.413)
"350",349,4.945,215.38965,-8,"California","5yrave","omni-directional_wave_power_349",2807.720494,c(34.005, -118.497)
"351",350,27,2244.172,-8,"California","5yrave","omni-directional_wave_power_350",2927.013556,c(34.0177, -118.588)
"352",351,31.0887,2251.685,-8,"California","5yrave","omni-directional_wave_power_351",2945.226423,c(34.0126, -118.735)
"353",352,49.4201,2130.4995,-8,"California","5yrave","omni-directional_wave_power_352",4839.004433,c(34.0246, -118.93)
"354",353,432.4127,5079.386,-8,"California","5yrave","omni-directional_wave_power_353",6218.787805,c(34.0472, -119.092)
"355",354,195.6563,8173.1704,-8,"Federal","5yrave","omni-directional_wave_power_354",7487.529741,c(34.079, -119.253)
"356",355,235.8673,7611.3066,-8,"Federal","5yrave","omni-directional_wave_power_355",6138.437981,c(34.0841, -119.417)
"357",356,195.7398,4434.222,-8,"California","5yrave","omni-directional_wave_power_356",6252.422748,c(34.0938, -119.583)
"358",357,179.6482,5264.6807,-8,"California","5yrave","omni-directional_wave_power_357",8378.286607,c(34.1057, -119.746)
"359",358,72,1558.136,-8,"California","5yrave","omni-directional_wave_power_358",11862.13063,c(34.0913, -119.924)
"360",359,84.1873,6626.167,-8,"Federal","5yrave","omni-directional_wave_power_359",14838.47889,c(34.0946, -120.083)
"361",360,83.2299,7680.151,-8,"Federal","5yrave","omni-directional_wave_power_360",19542.02461,c(34.0849, -120.253)
"362",361,53,3668.57,-8,"California","5yrave","omni-directional_wave_power_361",28743.12594,c(34.0913, -120.426)
"363",362,146,13330.957,-8,"Federal","5yrave","omni-directional_wave_power_362",32896.10261,c(34.0852, -120.587)
"364",363,783.163,28044.057,-8,"Federal","5yrave","omni-directional_wave_power_363",34874.56524,c(34.0777, -120.754)
"365",364,1307.7196,42793.074,-8,"Federal","5yrave","omni-directional_wave_power_364",36012.15122,c(34.0779, -120.915)
"366",365,1605.183,57843.977,-8,"Federal","5yrave","omni-directional_wave_power_365",37117.16243,c(34.0848, -121.078)
"367",366,3075.4126,73558.33,-8,"Federal","5yrave","omni-directional_wave_power_366",38047.9233,c(34.0815, -121.249)
"368",367,3174.2424,88713.69,-8,"Federal","5yrave","omni-directional_wave_power_367",38544.72715,c(34.0916, -121.42)
"369",368,3612.7744,107686.74,-8,"Federal","5yrave","omni-directional_wave_power_368",38680.00412,c(34.2431, -121.753)
"370",369,33.4578,3569.45,-8,"California","5yrave","omni-directional_wave_power_369",5019.801649,c(33.899, -118.462)
"371",370,229.6401,12526.302,-8,"Federal","5yrave","omni-directional_wave_power_370",6782.722168,c(33.9175, -118.585)
"372",371,556,10629.415,-8,"Federal","5yrave","omni-directional_wave_power_371",7123.414772,c(33.9169, -118.75)
"373",372,863.3813,13537.745,-8,"Federal","5yrave","omni-directional_wave_power_372",5629.807534,c(33.918, -118.916)
"374",373,841.8637,18116.096,-8,"Federal","5yrave","omni-directional_wave_power_373",5313.484631,c(33.915, -119.083)
"375",374,762.7418,14610.15,-8,"Federal","5yrave","omni-directional_wave_power_374",5134.693634,c(33.9182, -119.25)
"376",375,480,9585.884,-8,"Federal","5yrave","omni-directional_wave_power_375",5151.740323,c(33.9166, -119.415)
"377",376,966.879,8507.899,-8,"Federal","5yrave","omni-directional_wave_power_376",5219.761627,c(33.9111, -119.586)
"378",377,855.816,6708.0176,-8,"Federal","5yrave","omni-directional_wave_power_377",6064.410606,c(33.8983, -119.755)
"379",378,91,6137.6675,-8,"Federal","5yrave","omni-directional_wave_power_378",6242.120314,c(33.9097, -119.914)
"380",379,69,3366.9397,-8,"California","5yrave","omni-directional_wave_power_379",8178.199284,c(33.878, -120.078)
"381",380,206.986,7583.5327,-8,"Federal","5yrave","omni-directional_wave_power_380",18860.4564,c(33.908, -120.262)
"382",381,453.5143,12079.954,-8,"Federal","5yrave","omni-directional_wave_power_381",32243.83663,c(33.9161, -120.423)
"383",382,1681.8094,17173.432,-8,"Federal","5yrave","omni-directional_wave_power_382",35134.7231,c(33.9145, -120.581)
"384",383,1913.6554,29643.105,-8,"Federal","5yrave","omni-directional_wave_power_383",36081.55195,c(33.9171, -120.746)
"385",384,2202.095,44906.742,-8,"Federal","5yrave","omni-directional_wave_power_384",37293.86187,c(33.9131, -120.92)
"386",385,2351.2498,58986.938,-8,"Federal","5yrave","omni-directional_wave_power_385",38063.48467,c(33.9158, -121.078)
"387",386,14,2366.7354,-8,"California","5yrave","omni-directional_wave_power_386",2764.852244,c(33.707, -118.112)
"388",387,16,194.1931,-8,"California","5yrave","omni-directional_wave_power_387",2009.504396,c(33.7096, -118.241)
"389",388,267.9751,2103.8228,-8,"California","5yrave","omni-directional_wave_power_388",4823.07686,c(33.7389, -118.435)
"390",389,787.5616,14658.874,-8,"Federal","5yrave","omni-directional_wave_power_389",6405.367489,c(33.7484, -118.584)
"391",390,911.3747,28636.707,-8,"Federal","5yrave","omni-directional_wave_power_390",7062.364979,c(33.7465, -118.751)
"392",391,908,29993.068,-8,"Federal","5yrave","omni-directional_wave_power_391",6840.690398,c(33.7472, -118.921)
"393",392,881.8325,30157.902,-8,"Federal","5yrave","omni-directional_wave_power_392",6908.62367,c(33.7582, -119.084)
"394",393,365.1407,30391.498,-8,"Federal","5yrave","omni-directional_wave_power_393",7703.076575,c(33.752, -119.256)
"395",394,1589.8203,28303.533,-8,"Federal","5yrave","omni-directional_wave_power_394",8464.924571,c(33.7473, -119.411)
"396",395,1877.7035,25740.662,-8,"Federal","5yrave","omni-directional_wave_power_395",10140.36045,c(33.7534, -119.589)
"397",396,1260.2135,23165.488,-8,"Federal","5yrave","omni-directional_wave_power_396",12565.16671,c(33.75, -119.749)
"398",397,159.0417,22042.111,-8,"Federal","5yrave","omni-directional_wave_power_397",16873.36056,c(33.7483, -119.914)
"399",398,207.2072,15931.626,-8,"Federal","5yrave","omni-directional_wave_power_398",24187.34207,c(33.7521, -120.089)
"400",399,883.5795,20158.148,-8,"Federal","5yrave","omni-directional_wave_power_399",31583.0917,c(33.7464, -120.249)
"401",400,1178.5435,29833.225,-8,"Federal","5yrave","omni-directional_wave_power_400",35325.21916,c(33.7494, -120.423)
"402",401,1455.9817,33046.848,-8,"Federal","5yrave","omni-directional_wave_power_401",36212.13209,c(33.749, -120.582)
"403",402,1886.5372,41747.15,-8,"Federal","5yrave","omni-directional_wave_power_402",37094.55434,c(33.7456, -120.753)
"404",403,2295.5244,52542.688,-8,"Federal","5yrave","omni-directional_wave_power_403",37996.20638,c(33.7509, -120.915)
"405",404,3102.1213,65847.61,-8,"Federal","5yrave","omni-directional_wave_power_404",38581.6013,c(33.7545, -121.086)
"406",405,76.6064,2457.7686,-8,"California","5yrave","omni-directional_wave_power_405",5205.023544,c(33.5218, -117.801)
"407",406,343.4405,5230.0776,-8,"California","5yrave","omni-directional_wave_power_406",4534.665146,c(33.5582, -117.927)
"408",407,186.9821,10402.846,-8,"Federal","5yrave","omni-directional_wave_power_407",4507.286166,c(33.5839, -118.083)
"409",408,174.0356,13351.857,-8,"Federal","5yrave","omni-directional_wave_power_408",5102.038489,c(33.5831, -118.252)
"410",409,894,15846.176,-8,"Federal","5yrave","omni-directional_wave_power_409",4749.105437,c(33.5825, -118.419)
"411",410,673.7393,11729.637,-8,"Federal","5yrave","omni-directional_wave_power_410",6958.35119,c(33.5842, -118.586)
"412",411,643.8945,17794.248,-8,"Federal","5yrave","omni-directional_wave_power_411",9491.909924,c(33.5817, -118.754)
"413",412,454.863,14921.71,-8,"Federal","5yrave","omni-directional_wave_power_412",10404.22738,c(33.5863, -118.918)
"414",413,294.6032,10605.354,-8,"Federal","5yrave","omni-directional_wave_power_413",10570.68047,c(33.5758, -119.082)
"415",414,487.2392,22474.104,-8,"Federal","5yrave","omni-directional_wave_power_414",12125.75091,c(33.5891, -119.255)
"416",415,1590.9081,34675.516,-8,"Federal","5yrave","omni-directional_wave_power_415",14346.49174,c(33.5857, -119.419)
"417",416,1785.3245,32774.402,-8,"Federal","5yrave","omni-directional_wave_power_416",17994.51899,c(33.5784, -119.587)
"418",417,664.5244,36712.797,-8,"Federal","5yrave","omni-directional_wave_power_417",22133.22959,c(33.578, -119.748)
"419",418,449.7986,38256.62,-8,"Federal","5yrave","omni-directional_wave_power_418",25591.70657,c(33.588, -119.915)
"420",419,921.2927,34516.645,-8,"Federal","5yrave","omni-directional_wave_power_419",31394.98666,c(33.5838, -120.087)
"421",420,665.2814,36588.266,-8,"Federal","5yrave","omni-directional_wave_power_420",35004.93759,c(33.5829, -120.251)
"422",421,1291.94,43930.41,-8,"Federal","5yrave","omni-directional_wave_power_421",36258.00424,c(33.5798, -120.418)
"423",422,1145,51031.562,-8,"Federal","5yrave","omni-directional_wave_power_422",36945.074,c(33.5805, -120.587)
"424",423,1293.8552,56904.87,-8,"Federal","5yrave","omni-directional_wave_power_423",37688.48583,c(33.5773, -120.749)
"425",424,21,2320.7488,-8,"California","5yrave","omni-directional_wave_power_424",4589.185878,c(33.3738, -117.615)
"426",425,620.8354,6797.635,-8,"Federal","5yrave","omni-directional_wave_power_425",5328.056369,c(33.4104, -117.758)
"427",426,602.442,17736.707,-8,"Federal","5yrave","omni-directional_wave_power_426",5076.979071,c(33.4162, -117.919)
"428",427,650.779,22716.56,-8,"Federal","5yrave","omni-directional_wave_power_427",4920.655431,c(33.4156, -118.085)
"429",428,743.8429,9890.682,-8,"Federal","5yrave","omni-directional_wave_power_428",3103.775102,c(33.42, -118.254)
"430",429,267.3078,2405.8755,-8,"California","5yrave","omni-directional_wave_power_429",1264.648285,c(33.4485, -118.416)
"431",430,575.641,3569.091,-8,"California","5yrave","omni-directional_wave_power_430",8332.939473,c(33.4106, -118.591)
"432",431,1250.5209,14927.04,-8,"Federal","5yrave","omni-directional_wave_power_431",9383.875073,c(33.4147, -118.748)
"433",432,1198.5056,11892.669,-8,"Federal","5yrave","omni-directional_wave_power_432",11690.14456,c(33.4137, -118.92)
"434",433,438.3867,6051.507,-8,"Federal","5yrave","omni-directional_wave_power_433",15584.7248,c(33.4141, -119.079)
"435",434,961.6104,18949.238,-8,"Federal","5yrave","omni-directional_wave_power_434",16759.24235,c(33.419, -119.247)
"436",435,1020.4576,18170.26,-8,"Federal","5yrave","omni-directional_wave_power_435",17886.40408,c(33.4206, -119.416)
"437",436,233.2519,15192.191,-8,"Federal","5yrave","omni-directional_wave_power_436",22312.06404,c(33.4175, -119.58)
"438",437,118,21639.578,-8,"Federal","5yrave","omni-directional_wave_power_437",28183.40626,c(33.4144, -119.746)
"439",438,847.7805,35615.703,-8,"Federal","5yrave","omni-directional_wave_power_438",31256.3285,c(33.4208, -119.922)
"440",439,1003.1393,49655.12,-8,"Federal","5yrave","omni-directional_wave_power_439",34741.75803,c(33.4123, -120.088)
"441",440,1223.6965,54684.383,-8,"Federal","5yrave","omni-directional_wave_power_440",35952.34829,c(33.4123, -120.245)
"442",441,1065.7102,59500.617,-8,"Federal","5yrave","omni-directional_wave_power_441",36713.08195,c(33.4164, -120.412)
"443",442,1182,67537.39,-8,"Federal","5yrave","omni-directional_wave_power_442",37403.72562,c(33.4194, -120.589)
"444",443,2813.438,73770.5,-8,"Federal","5yrave","omni-directional_wave_power_443",38071.86496,c(33.4108, -120.753)
"445",444,3411.9993,91976.76,-8,"Federal","5yrave","omni-directional_wave_power_444",38891.47231,c(33.8298, -121.42)
"446",445,3339.3977,82739,-8,"Federal","5yrave","omni-directional_wave_power_445",38598.72658,c(33.5013, -121.087)
"447",446,25.9026,3480.025,-8,"California","5yrave","omni-directional_wave_power_446",5028.39212,c(33.2206, -117.454)
"448",447,402.7688,11469.115,-8,"Federal","5yrave","omni-directional_wave_power_447",5876.111841,c(33.2516, -117.585)
"449",448,774.5098,20761.516,-8,"Federal","5yrave","omni-directional_wave_power_448",5653.88107,c(33.2513, -117.75)
"450",449,798,29834.414,-8,"Federal","5yrave","omni-directional_wave_power_449",5778.353594,c(33.2498, -117.915)
"451",450,843.5251,22144.893,-8,"Federal","5yrave","omni-directional_wave_power_450",5727.25273,c(33.2562, -118.076)
"452",451,436.0527,8693.309,-8,"Federal","5yrave","omni-directional_wave_power_451",6846.591315,c(33.2471, -118.247)
"453",452,1216.3369,8392.493,-8,"Federal","5yrave","omni-directional_wave_power_452",8732.442107,c(33.241, -118.424)
"454",453,1309.864,13862.01,-8,"Federal","5yrave","omni-directional_wave_power_453",11240.39208,c(33.2543, -118.589)
"455",454,1120.0842,26237.475,-8,"Federal","5yrave","omni-directional_wave_power_454",14578.22941,c(33.2535, -118.748)
"456",455,993.0411,26262.781,-8,"Federal","5yrave","omni-directional_wave_power_455",15024.70489,c(33.2506, -118.913)
"457",456,1180.6176,23811.424,-8,"Federal","5yrave","omni-directional_wave_power_456",15117.62533,c(33.2504, -119.09)
"458",457,333.2741,17178.957,-8,"Federal","5yrave","omni-directional_wave_power_457",13430.86677,c(33.2461, -119.251)
"459",458,41,3062.29,-8,"California","5yrave","omni-directional_wave_power_458",12605.55425,c(33.2476, -119.408)
"460",459,20.934,2066.556,-8,"California","5yrave","omni-directional_wave_power_459",26677.79492,c(33.2478, -119.592)
"461",460,277.8049,16303.002,-8,"Federal","5yrave","omni-directional_wave_power_460",29970.44779,c(33.2505, -119.751)
"462",461,691.9564,31869.371,-8,"Federal","5yrave","omni-directional_wave_power_461",34070.09418,c(33.2546, -119.92)
"463",462,1134.2885,47297.56,-8,"Federal","5yrave","omni-directional_wave_power_462",35492.80124,c(33.2553, -120.086)
"464",463,775.8486,62859.207,-8,"Federal","5yrave","omni-directional_wave_power_463",36355.73248,c(33.2517, -120.253)
"465",464,997.3578,77187.305,-8,"Federal","5yrave","omni-directional_wave_power_464",37098.32518,c(33.2457, -120.422)
"466",465,1771.6808,82832,-8,"Federal","5yrave","omni-directional_wave_power_465",37704.77892,c(33.2535, -120.579)
"467",466,38.2056,1652.8884,-8,"California","5yrave","omni-directional_wave_power_466",5469.607557,c(33.0439, -117.316)
"468",467,415.7831,9279.811,-8,"Federal","5yrave","omni-directional_wave_power_467",6310.586757,c(33.0834, -117.419)
"469",468,742.0245,21537.207,-8,"Federal","5yrave","omni-directional_wave_power_468",7623.42683,c(33.0836, -117.583)
"470",469,840,35432.098,-8,"Federal","5yrave","omni-directional_wave_power_469",8535.142461,c(33.0857, -117.76)
"471",470,919.4297,43519.06,-8,"Federal","5yrave","omni-directional_wave_power_470",9305.47668,c(33.0827, -117.924)
"472",471,1000.7621,32667.74,-8,"Federal","5yrave","omni-directional_wave_power_471",10134.45808,c(33.0835, -118.079)
"473",472,1122,24616.912,-8,"Federal","5yrave","omni-directional_wave_power_472",10961.17686,c(33.0852, -118.253)
"474",473,1170.8402,15365.645,-8,"Federal","5yrave","omni-directional_wave_power_473",10555.32973,c(33.0887, -118.418)
"475",474,1089.4119,4968.791,-8,"California","5yrave","omni-directional_wave_power_474",11740.43045,c(33.0833, -118.583)
"476",475,721.985,14609.426,-8,"Federal","5yrave","omni-directional_wave_power_475",14495.94677,c(33.0819, -118.751)
"477",476,1628.3981,29398.021,-8,"Federal","5yrave","omni-directional_wave_power_476",15213.02333,c(33.0839, -118.915)
"478",477,1788,36024.49,-8,"Federal","5yrave","omni-directional_wave_power_477",14948.2417,c(33.0891, -119.085)
"479",478,1650,23389.123,-8,"Federal","5yrave","omni-directional_wave_power_478",18209.14453,c(33.0812, -119.25)
"480",479,1116.0142,15375.297,-8,"Federal","5yrave","omni-directional_wave_power_479",24418.80353,c(33.0819, -119.415)
"481",480,335.818,17131.066,-8,"Federal","5yrave","omni-directional_wave_power_480",30111.69182,c(33.0803, -119.584)
"482",481,1281.2188,25276.375,-8,"Federal","5yrave","omni-directional_wave_power_481",33512.42506,c(33.0863, -119.758)
"483",482,1147.6154,37530.004,-8,"Federal","5yrave","omni-directional_wave_power_482",35029.99734,c(33.0832, -119.918)
"484",483,1154,50994.5,-8,"Federal","5yrave","omni-directional_wave_power_483",35904.66445,c(33.0826, -120.079)
"485",484,528.7317,65873.85,-8,"Federal","5yrave","omni-directional_wave_power_484",36638.54428,c(33.0787, -120.247)
"486",485,1048.7609,80594.664,-8,"Federal","5yrave","omni-directional_wave_power_485",37306.5569,c(33.0883, -120.414)
"487",486,3524.3184,95805.16,-8,"Federal","5yrave","omni-directional_wave_power_486",37897.03071,c(33.0799, -120.579)
"488",487,92.0093,3422.5037,-8,"California","5yrave","omni-directional_wave_power_487",5821.750019,c(32.9137, -117.296)
"489",488,682.3329,14453.822,-8,"Federal","5yrave","omni-directional_wave_power_488",7949.473059,c(32.9169, -117.416)
"490",489,873.0962,29232.742,-8,"Federal","5yrave","omni-directional_wave_power_489",8575.329247,c(32.9149, -117.582)
"491",490,1006.9506,44538.625,-8,"Federal","5yrave","omni-directional_wave_power_490",9418.923991,c(32.9203, -117.752)
"492",491,637.2716,42106.83,-8,"Federal","5yrave","omni-directional_wave_power_491",10363.46,c(32.9201, -117.915)
"493",492,551.0121,26431.018,-8,"Federal","5yrave","omni-directional_wave_power_492",10171.97231,c(32.919, -118.092)
"494",493,916.8196,13627.3955,-8,"Federal","5yrave","omni-directional_wave_power_493",6892.74303,c(32.9127, -118.252)
"495",494,1116.0702,5320.458,-8,"California","5yrave","omni-directional_wave_power_494",1383.736667,c(32.9311, -118.408)
"496",495,269.191,4756.2036,-8,"California","5yrave","omni-directional_wave_power_495",16366.02414,c(32.9111, -118.598)
"497",496,1193.7461,17253.729,-8,"Federal","5yrave","omni-directional_wave_power_496",17461.16699,c(32.9142, -118.747)
"498",497,1716.3855,31467.8,-8,"Federal","5yrave","omni-directional_wave_power_497",19033.83139,c(32.9159, -118.922)
"499",498,1597.9388,45490.887,-8,"Federal","5yrave","omni-directional_wave_power_498",22172.2076,c(32.9164, -119.079)
"500",499,926.9673,37792.742,-8,"Federal","5yrave","omni-directional_wave_power_499",26160.75355,c(32.9191, -119.249)
"501",500,227.0189,33244.61,-8,"Federal","5yrave","omni-directional_wave_power_500",29738.90251,c(32.9183, -119.415)
"502",501,776.1829,34700.3,-8,"Federal","5yrave","omni-directional_wave_power_501",32786.98226,c(32.9144, -119.587)
"503",502,1446.5831,39375.945,-8,"Federal","5yrave","omni-directional_wave_power_502",34477.38897,c(32.9195, -119.747)
"504",503,1065.6544,49548.92,-8,"Federal","5yrave","omni-directional_wave_power_503",35344.9477,c(32.9126, -119.918)
"505",504,6,329.19412,-8,"California","5yrave","omni-directional_wave_power_504",2940.774171,c(32.6633, -117.166)
"506",505,25.873,2272.759,-8,"California","5yrave","omni-directional_wave_power_505",7369.810787,c(32.7395, -117.281)
"507",506,432.7866,14546.705,-8,"Federal","5yrave","omni-directional_wave_power_506",9957.539604,c(32.7497, -117.416)
"508",507,1035,28932.137,-8,"Federal","5yrave","omni-directional_wave_power_507",11262.798,c(32.7495, -117.578)
"509",508,379.5934,44429.703,-8,"Federal","5yrave","omni-directional_wave_power_508",10915.05197,c(32.7464, -117.747)
"510",509,499.7046,41479.38,-8,"Federal","5yrave","omni-directional_wave_power_509",9249.545875,c(32.7425, -117.916)
"511",510,751.0518,25813.562,-8,"Federal","5yrave","omni-directional_wave_power_510",8841.092672,c(32.7566, -118.084)
"512",511,1106.4348,11526.588,-8,"Federal","5yrave","omni-directional_wave_power_511",10012.61835,c(32.753, -118.255)
"513",512,113.7774,6429.1274,-8,"Federal","5yrave","omni-directional_wave_power_512",18169.25712,c(32.742, -118.415)
"514",513,803.5353,13637.028,-8,"Federal","5yrave","omni-directional_wave_power_513",19464.88501,c(32.7469, -118.579)
"515",514,1253.2589,26404.213,-8,"Federal","5yrave","omni-directional_wave_power_514",21306.2918,c(32.7466, -118.754)
"516",515,1389.6549,39323.84,-8,"Federal","5yrave","omni-directional_wave_power_515",24035.614,c(32.7442, -118.914)
"517",516,593.4553,54005.598,-8,"Federal","5yrave","omni-directional_wave_power_516",26394.32799,c(32.7449, -119.087)
"518",517,124.3009,55435.52,-8,"Federal","5yrave","omni-directional_wave_power_517",29625.98537,c(32.7448, -119.255)
"519",518,1291.1962,51858.395,-8,"Federal","5yrave","omni-directional_wave_power_518",31642.7844,c(32.7496, -119.41)
"520",519,889.1956,51911.523,-8,"Federal","5yrave","omni-directional_wave_power_519",33963.04326,c(32.7556, -119.584)
"521",520,1140.217,57040.355,-8,"Federal","5yrave","omni-directional_wave_power_520",34683.41636,c(32.7478, -119.753)
"522",521,506.4763,64539.688,-8,"Federal","5yrave","omni-directional_wave_power_521",35472.65937,c(32.7446, -119.924)
"523",522,10,937.1406,-8,"California","5yrave","omni-directional_wave_power_522",6060.454935,c(32.5865, -117.144)
"524",523,48,9165.548,-8,"Federal","5yrave","omni-directional_wave_power_523",9750.179985,c(32.5824, -117.252)
"525",524,239.3909,18632.557,-8,"Federal","5yrave","omni-directional_wave_power_524",11116.47278,c(32.5826, -117.417)
"526",525,1219,30925.643,-8,"Mexico","5yrave","omni-directional_wave_power_525",10729.56671,c(32.5903, -117.582)
"527",526,798.7791,45369.434,-8,"Mexico","5yrave","omni-directional_wave_power_526",11507.0577,c(32.5893, -117.753)
"528",527,414.2129,48404.434,-8,"Federal","5yrave","omni-directional_wave_power_527",13467.22034,c(32.5799, -117.918)
"529",528,1831.4824,36770.535,-8,"Federal","5yrave","omni-directional_wave_power_528",16456.84575,c(32.5834, -118.074)
"530",529,1593.3857,27816.281,-8,"Federal","5yrave","omni-directional_wave_power_529",19447.39681,c(32.5793, -118.256)
"531",530,1143.7924,23391.715,-8,"Federal","5yrave","omni-directional_wave_power_530",19831.55645,c(32.5885, -118.414)
"532",531,1122.5815,27595.764,-8,"Federal","5yrave","omni-directional_wave_power_531",22562.99851,c(32.5877, -118.582)
"533",532,848.1031,37296.867,-8,"Federal","5yrave","omni-directional_wave_power_532",24008.62877,c(32.5903, -118.751)
"534",533,1099.5454,49120.3,-8,"Federal","5yrave","omni-directional_wave_power_533",26080.84715,c(32.5881, -118.922)
"535",534,389.8545,61688.49,-8,"Federal","5yrave","omni-directional_wave_power_534",27624.54679,c(32.5858, -119.079)
"536",535,124.3327,72329.49,-8,"Federal","5yrave","omni-directional_wave_power_535",30323.25775,c(32.5864, -119.254)
"537",536,989.8691,69955.46,-8,"Federal","5yrave","omni-directional_wave_power_536",33372.08827,c(32.5848, -119.425)
"538",537,1122.0859,71199.805,-8,"Federal","5yrave","omni-directional_wave_power_537",34089.82253,c(32.5804, -119.59)
"539",538,802.0931,73907.39,-8,"Federal","5yrave","omni-directional_wave_power_538",34753.18779,c(32.5853, -119.745)
"540",539,1190.4779,80269.56,-8,"Federal","5yrave","omni-directional_wave_power_539",35412.5351,c(32.5794, -119.918)
"541",540,1875.5426,104442.766,-8,"Federal","5yrave","omni-directional_wave_power_540",38525.00635,c(33.1709, -120.922)
"542",541,1180.489,83909.65,-8,"Federal","5yrave","omni-directional_wave_power_541",36600.29322,c(32.7582, -120.251)
"543",542,77.1195,72456.76,-8,"Federal","5yrave","omni-directional_wave_power_542",40545.32637,c(32.4186, -119.079)
"544",543,2.5192,88.060776,-8,"Mexico","5yrave","omni-directional_wave_power_543",3053.946191,c(32.4168, -117.251)
